UDI,Product ID,Type,Air temperature [K],Process temperature [K],Rotational speed [rpm],Torque [Nm],Tool wear [min],Target,Failure Type
51,L47230,L,298.9,309.1,2861,4.6,143,1,Power Failure
70,L47249,L,298.9,309,1410,65.7,191,1,Power Failure
78,L47257,L,298.8,308.9,1455,41.3,208,1,Tool Wear Failure
161,L47340,L,298.4,308.2,1282,60.7,216,1,Overstrain Failure
162,L47341,L,298.3,308.1,1412,52.3,218,1,Overstrain Failure
169,L47348,L,298.4,308.3,1433,62.3,20,1,Power Failure
195,M15054,M,298.2,308.5,2678,10.7,86,1,Power Failure
208,M15067,M,298.4,308.7,1421,60.7,119,1,Power Failure
243,L47422,L,298,308.2,1348,58.8,202,1,Overstrain Failure
249,L47428,L,298,308.3,1362,56.8,216,1,Overstrain Failure
250,L47429,L,298,308.3,1405,56.2,218,1,Overstrain Failure
260,M15119,M,298.1,308.2,1420,63.9,19,1,Power Failure
328,L47507,L,297.7,308.5,1373,56.7,203,1,Overstrain Failure
381,L47560,L,297.5,308.3,2564,12.8,127,1,Power Failure
443,L47622,L,297.4,308.5,1399,61.5,61,1,Power Failure
464,L47643,L,297.4,308.7,2874,4.2,118,1,Power Failure
587,L47766,L,297.6,309.6,1501,49.8,222,1,Overstrain Failure
604,L47783,L,297.9,309.8,1336,71.6,31,1,Power Failure
747,L47926,L,296.8,308.1,1289,62,199,1,Overstrain Failure
848,L48027,L,296.4,307.4,2833,5.6,213,1,Power Failure
881,M15740,M,295.8,306.3,1235,76.2,89,1,Power Failure
904,L48083,L,295.7,306.2,2270,14.6,149,1,Power Failure
927,L48106,L,295.6,306.1,1372,55.6,215,1,Overstrain Failure
1017,M15876,M,296.3,307.2,1319,68.3,24,1,Power Failure
1086,L48265,L,297,307.8,1385,56.4,202,1,Overstrain Failure
1088,H30501,H,296.9,307.8,1549,35.8,206,1,Tool Wear Failure
1096,L48275,L,296.9,307.5,2721,9.3,18,1,Power Failure
1124,H30537,H,296.6,307.7,1386,62.3,100,1,Power Failure
1125,M15984,M,296.7,307.8,1258,69,105,1,Power Failure
1145,L48324,L,297,307.9,1296,69.1,153,1,Power Failure
1162,L48341,L,297,307.8,1316,61.2,200,1,Overstrain Failure
1163,L48342,L,296.9,307.8,1400,57.1,202,1,Overstrain Failure
1168,L48347,L,297,308.1,1362,52.5,213,1,Overstrain Failure
1222,M16081,M,297,308.3,1399,46.4,132,0,Random Failures
1285,L48464,L,298.4,309.5,2153,15.3,98,1,Power Failure
1303,L48482,L,298.6,309.8,1505,45.7,144,0,Random Failures
1325,M16184,M,298.8,310.1,1243,74.5,194,1,Power Failure
1335,L48514,L,299,310.4,1365,49.1,226,1,Overstrain Failure
1336,L48515,L,299,310.4,1371,53.8,228,1,Overstrain Failure
1392,L48571,L,298.9,310.2,2737,8.8,142,1,Power Failure
1420,L48599,L,298.7,309.8,1354,53.3,212,1,Overstrain Failure
1493,M16352,M,298,308.7,1479,58.5,176,1,Power Failure
1497,L48676,L,298,308.7,1268,69.4,189,1,Power Failure
1510,L48689,L,298,308.5,1429,37.7,220,1,Tool Wear Failure
1584,L48763,L,298.2,308.4,1310,61,189,1,Overstrain Failure
1596,L48775,L,298,308.2,1365,52.9,218,1,Overstrain Failure
1683,H31096,H,297.9,307.4,1604,36.1,225,1,Tool Wear Failure
1749,H31162,H,298.4,307.7,1626,31.1,166,0,Random Failures
1764,L48943,L,298.2,307.6,1511,31,209,1,Tool Wear Failure
1785,L48964,L,298.3,308,2886,3.8,57,1,Power Failure
1790,L48969,L,298.2,307.9,1313,67.3,67,1,Power Failure
1809,L48988,L,298.1,307.7,2567,12.8,125,1,Power Failure
1834,L49013,L,297.8,307.3,1327,61,186,1,Overstrain Failure
1997,M16856,M,298.4,308,1416,38.2,198,1,Tool Wear Failure
2016,L49195,L,298.5,308.2,1301,66.3,42,1,Power Failure
2073,L49252,L,299.6,309.5,1570,35.5,189,0,Random Failures
2076,L49255,L,299.5,309.4,1390,58.8,195,1,Overstrain Failure
2126,L49305,L,299.3,308.9,1258,69.4,119,1,Power Failure
2167,M17026,M,299.6,309.2,1867,23.4,225,1,Tool Wear Failure
2234,L49413,L,299.5,308.7,2549,13,179,1,Power Failure
2245,M17104,M,299.3,308.4,1542,37.5,203,1,Tool Wear Failure
2300,L49479,L,299.4,308.7,1446,62.9,134,1,Power Failure
2332,L49511,L,299.3,308.6,1384,53.6,218,1,Overstrain Failure
2333,L49512,L,299.2,308.5,1378,50.4,220,1,Overstrain Failure
2427,M17286,M,298.9,308.2,1372,63.6,30,1,Power Failure
2445,L49624,L,299.2,308.6,1267,68.2,76,1,Power Failure
2495,L49674,L,299.1,308.8,1329,53.6,207,1,Overstrain Failure
2503,L49682,L,299.2,309,1515,48.9,228,1,Overstrain Failure
2560,L49739,L,299.3,309,1447,50.4,140,0,Random Failures
2582,L49761,L,299.2,309.1,1345,60.7,191,1,Overstrain Failure
2599,L49778,L,299.1,308.8,1320,67.5,20,1,Power Failure
2672,M17531,M,299.7,309.3,1399,41.9,221,1,Tool Wear Failure
2762,L49941,L,299.8,309.3,1299,65.1,212,1,Overstrain Failure
2859,L50038,L,300.5,309.3,1417,51.5,231,1,Overstrain Failure
2865,H32278,H,300.6,309.4,1380,47.6,246,1,Tool Wear Failure
2880,M17739,M,300.6,309.4,1367,63.2,45,1,Power Failure
2942,M17801,M,300.7,309.6,1996,19.8,203,1,Tool Wear Failure
3001,H32414,H,300.5,309.8,1324,72.8,159,1,Power Failure
3020,L50199,L,300.5,309.8,1379,54.2,207,1,Overstrain Failure
3066,M17925,M,300.1,309.2,1687,27.7,95,0,Random Failures
3141,H32554,H,300.4,309.9,2563,12.8,81,1,Power Failure
3237,M18096,M,300.8,309.4,1342,62.4,113,1,Heat Dissipation Failure
3267,L50446,L,301.3,310.1,1269,56.8,195,1,Overstrain Failure
3351,L50530,L,301.4,310.8,1285,62.6,183,1,Overstrain Failure
3357,L50536,L,301.6,310.8,1355,57.8,195,1,Overstrain Failure
3370,L50549,L,301.5,310.9,2760,8,15,1,Power Failure
3453,H32866,H,301.6,310.5,1602,32.3,2,0,Random Failures
3458,M18317,M,301.5,310.4,2639,12,21,1,Power Failure
3529,L50708,L,302,310.9,1378,53.1,212,1,Overstrain Failure
3530,L50709,L,301.9,310.9,1567,39,214,1,Tool Wear Failure
3580,L50759,L,301.8,310.6,2672,11.8,124,1,Power Failure
3612,L50791,L,301.7,310.9,1405,46.4,207,1,Tool Wear Failure
3685,L50864,L,302,311.2,1270,65.3,182,1,Overstrain Failure
3696,L50875,L,302.2,311.3,1530,37.3,207,1,Tool Wear Failure
3761,L50940,L,302.3,310.9,1377,46.8,166,1,Heat Dissipation Failure
3788,L50967,L,302.3,310.8,1377,47.3,22,1,Heat Dissipation Failure
3794,L50973,L,302.3,310.9,1379,49.3,34,1,Heat Dissipation Failure
3807,M18666,M,302.3,310.9,1360,44,67,1,Heat Dissipation Failure
3815,M18674,M,302.1,310.6,1326,59.1,88,1,Heat Dissipation Failure
3830,H33243,H,302.3,310.9,1366,48.4,130,1,Heat Dissipation Failure
3855,L51034,L,302.4,311,1338,67.6,194,1,Power Failure
3866,H33279,H,302.6,311.5,1629,34.4,228,1,Tool Wear Failure
3868,M18727,M,302.7,311.6,2709,9.7,2,1,Power Failure
3929,L51108,L,302.6,311.5,1442,59.8,169,1,Power Failure
3936,M18795,M,302.6,311.6,1227,68.2,187,1,Overstrain Failure
3944,L51123,L,302.3,311.4,1333,66.7,205,1,Power Failure
4003,L51182,L,302.1,311.2,1454,59.2,153,1,Power Failure
4025,M18884,M,302.1,311,1351,60.3,207,1,Overstrain Failure
4033,L51212,L,302,310.8,1383,50.3,231,1,Overstrain Failure
4035,L51214,L,302,310.8,1615,29,235,1,Tool Wear Failure
4049,L51228,L,301.9,311,2691,12.1,31,1,Power Failure
4072,L51251,L,301.9,310.6,1331,68.6,85,1,Power Failure
4079,H33492,H,302.1,310.7,1294,62.4,101,1,Heat Dissipation Failure
4081,L51260,L,302,310.4,1357,58,108,1,Heat Dissipation Failure
4082,L51261,L,302,310.4,1336,58.2,110,1,Heat Dissipation Failure
4088,L51267,L,301.9,310.4,1376,54.9,126,1,Heat Dissipation Failure
4097,L51276,L,301.9,310.4,1370,51.7,153,1,Heat Dissipation Failure
4118,L51297,L,301.9,310.5,1340,55.7,204,1,Overstrain Failure
4120,L51299,L,302.1,310.7,1325,45.1,208,1,Heat Dissipation Failure
4121,M18980,M,302.1,310.7,1376,46.3,210,1,Heat Dissipation Failure
4122,M18981,M,302.1,310.7,1364,47.8,213,1,Heat Dissipation Failure
4131,L51310,L,301.9,310.4,1286,62.8,22,1,Heat Dissipation Failure
4139,L51318,L,301.7,310.2,1311,57.4,40,1,Heat Dissipation Failure
4141,L51320,L,301.7,310.2,1331,61.2,47,1,Heat Dissipation Failure
4152,M19011,M,301.9,310.4,1373,48,73,1,Heat Dissipation Failure
4154,M19013,M,302,310.4,1212,55.6,79,1,Heat Dissipation Failure
4156,L51335,L,302,310.5,1370,44.4,85,1,Heat Dissipation Failure
4158,L51337,L,302,310.5,1263,60.6,90,1,Heat Dissipation Failure
4165,L51344,L,302.2,310.6,1346,47.5,109,1,Heat Dissipation Failure
4171,M19030,M,302.2,310.6,1355,51.5,126,1,Heat Dissipation Failure
4174,M19033,M,302.2,310.6,1346,49.2,134,1,Heat Dissipation Failure
4180,L51359,L,302.4,310.9,1349,46.1,148,1,Heat Dissipation Failure
4183,L51362,L,302.4,310.7,1362,54.8,155,1,Heat Dissipation Failure
4185,L51364,L,302.2,310.6,1334,53.2,159,1,Heat Dissipation Failure
4186,L51365,L,302.2,310.6,1348,48.4,161,1,Heat Dissipation Failure
4208,M19067,M,302.3,310.9,1710,30.4,218,1,Tool Wear Failure
4212,L51391,L,302.1,310.7,1314,52.8,8,1,Heat Dissipation Failure
4226,L51405,L,302.1,310.7,1359,49.3,41,1,Heat Dissipation Failure
4248,L51427,L,302.6,311,1369,60,93,1,Heat Dissipation Failure
4250,L51429,L,302.5,310.9,1330,56.9,97,1,Heat Dissipation Failure
4252,H33665,H,302.5,310.9,1356,55.5,101,1,Heat Dissipation Failure
4254,M19113,M,302.6,311,1329,48.6,111,1,Heat Dissipation Failure
4255,L51434,L,302.6,311,1284,68,114,1,Power Failure
4259,M19118,M,302.7,311.1,1297,60.7,125,1,Heat Dissipation Failure
4271,L51450,L,302.6,310.9,1331,52,154,1,Heat Dissipation Failure
4280,L51459,L,302,310.1,1361,45.4,174,1,Heat Dissipation Failure
4283,L51462,L,301.9,309.9,1374,48.5,180,1,Heat Dissipation Failure
4284,M19143,M,301.8,309.9,1334,61,182,1,Heat Dissipation Failure
4286,L51465,L,301.7,309.9,1317,49,187,1,Heat Dissipation Failure
4293,M19152,M,301.8,310.1,2372,13.9,205,1,Power Failure
4297,L51476,L,301.8,310.2,2825,5.8,215,1,Power Failure
4308,L51487,L,301.4,309.9,1259,63.9,20,1,Heat Dissipation Failure
4324,L51503,L,301.8,310.3,1341,50.5,64,1,Heat Dissipation Failure
4327,L51506,L,301.6,310.1,1362,55.8,70,1,Heat Dissipation Failure
4329,L51508,L,301.6,310.1,1326,48.2,77,1,Heat Dissipation Failure
4343,M19202,M,301.7,309.8,1284,68.2,111,1,Power Failure
4354,M19213,M,302,309.7,1386,62.7,142,1,Power Failure
4356,H33769,H,302,309.8,1280,57.3,147,1,Heat Dissipation Failure
4362,M19221,M,302.1,310.1,1379,48.2,166,1,Heat Dissipation Failure
4371,L51550,L,302,309.9,1308,57.6,197,1,Heat Dissipation Failure
4384,L51563,L,301.7,309.5,1298,65.5,229,1,Heat Dissipation Failure
4386,L51565,L,301.8,309.7,1442,45.3,233,1,Tool Wear Failure
4390,M19249,M,302.1,310,1355,45.1,6,1,Heat Dissipation Failure
4392,M19251,M,302.2,310.1,1368,51.6,12,1,Heat Dissipation Failure
4401,L51580,L,302.3,310.1,1353,50.9,36,1,Heat Dissipation Failure
4406,L51585,L,302.4,310.2,1331,45.5,53,1,Heat Dissipation Failure
4407,L51586,L,302.5,310.3,1326,58.5,55,1,Heat Dissipation Failure
4410,M19269,M,302.4,310.1,1358,54.6,61,1,Heat Dissipation Failure
4418,L51597,L,302.6,310.4,1365,66.8,80,1,Power Failure
4420,M19279,M,302.6,310.2,2676,10.8,84,1,Power Failure
4422,L51601,L,302.6,310.2,1325,62.4,92,1,Heat Dissipation Failure
4428,M19287,M,302.4,310.1,1379,48.9,107,1,Heat Dissipation Failure
4436,L51615,L,302.3,310.1,1321,52.7,134,1,Heat Dissipation Failure
4442,L51621,L,302.5,310.2,1329,50.6,148,1,Heat Dissipation Failure
4449,L51628,L,302.4,310.3,1374,51.2,163,1,Heat Dissipation Failure
4450,M19309,M,302.4,310.3,1378,54.3,165,1,Heat Dissipation Failure
4463,L51642,L,302.7,310.5,1263,67.8,197,1,Heat Dissipation Failure
4470,L51649,L,302.7,310.5,1446,40.9,211,1,Tool Wear Failure
4476,L51655,L,302.7,310.5,1351,41.8,10,1,Heat Dissipation Failure
4481,H33894,H,302.7,310.4,1305,55.2,20,1,Heat Dissipation Failure
4496,L51675,L,302.6,310.4,1359,57.2,67,1,Heat Dissipation Failure
4502,L51681,L,302.5,310.2,1307,54,86,1,Heat Dissipation Failure
4511,L51690,L,302.4,310.2,1346,62.4,106,1,Heat Dissipation Failure
4528,M19387,M,302.4,310.5,1372,45.7,144,1,Heat Dissipation Failure
4534,M19393,M,302.4,310.3,1375,52.5,161,1,Heat Dissipation Failure
4537,L51716,L,302.4,310.2,1351,45.1,168,1,Heat Dissipation Failure
4545,L51724,L,302.5,310.4,1349,55.1,187,1,Heat Dissipation Failure
4557,M19416,M,302.7,310.6,1349,51.2,6,1,Heat Dissipation Failure
4559,L51738,L,302.7,310.7,1369,47.5,11,1,Heat Dissipation Failure
4566,H33979,H,302.7,310.8,1275,55,25,1,Heat Dissipation Failure
4571,L51750,L,302.8,310.9,1312,52.2,40,1,Heat Dissipation Failure
4580,L51759,L,303,311.2,1374,48.2,65,1,Heat Dissipation Failure
4597,L51776,L,303,311.2,1361,47.6,106,1,Heat Dissipation Failure
4601,L51780,L,303,311,1359,44.2,115,1,Heat Dissipation Failure
4602,M19461,M,303,311.1,1372,54.3,117,1,Heat Dissipation Failure
4612,L51791,L,303,311.3,1365,56.2,146,1,Heat Dissipation Failure
4619,M19478,M,303,311.3,1335,53.6,164,1,Heat Dissipation Failure
4621,L51800,L,303.1,311.3,1336,52.6,172,1,Heat Dissipation Failure
4622,L51801,L,303,311.2,1341,51,174,1,Heat Dissipation Failure
4633,M19492,M,302.9,311.2,1330,53.7,200,1,Heat Dissipation Failure
4643,L51822,L,303.2,311.4,1238,54.6,226,1,Heat Dissipation Failure
4644,L51823,L,303.2,311.4,1324,54.2,228,1,Heat Dissipation Failure
4647,L51826,L,303.3,311.4,1497,46,234,1,Tool Wear Failure
4652,L51831,L,303.2,311.4,1349,51.1,9,1,Heat Dissipation Failure
4662,L51841,L,303.3,311.3,1350,48.1,32,1,Heat Dissipation Failure
4666,M19525,M,303.4,311.4,1307,54,44,1,Heat Dissipation Failure
4670,M19529,M,303.3,311.5,1373,47.3,60,1,Heat Dissipation Failure
4703,L51882,L,303.6,311.8,1222,66.8,148,1,Heat Dissipation Failure
4719,L51898,L,303.3,311.6,1337,56.8,187,1,Heat Dissipation Failure
4721,M19580,M,303.4,311.7,1353,44.1,192,1,Heat Dissipation Failure
4724,L51903,L,303.4,311.8,1366,50.9,200,1,Heat Dissipation Failure
4728,M19587,M,303.4,311.8,1341,47,210,1,Heat Dissipation Failure
4730,L51909,L,303.4,311.8,1306,61,215,1,Heat Dissipation Failure
4732,L51911,L,303.3,311.6,1301,45.1,219,1,Heat Dissipation Failure
4738,M19597,M,303.2,311.5,1336,58.2,2,1,Heat Dissipation Failure
4740,L51919,L,303.2,311.4,1351,53.8,8,1,Heat Dissipation Failure
4749,L51928,L,303.2,311.2,1363,46.7,29,1,Heat Dissipation Failure
4756,L51935,L,303.4,311.7,1295,51.3,51,1,Heat Dissipation Failure
4760,L51939,L,303.5,311.6,1361,46.5,62,1,Heat Dissipation Failure
4762,H34175,H,303.7,311.9,1332,52.7,66,1,Heat Dissipation Failure
4763,M19622,M,303.7,312,2663,11.4,71,1,Power Failure
4769,L51948,L,303.6,312,1309,52.9,86,1,Heat Dissipation Failure
4771,L51950,L,303.5,311.9,1344,49.3,93,1,Heat Dissipation Failure
4779,H34192,H,303.6,312.2,1371,54.6,112,1,Heat Dissipation Failure
4815,L51994,L,303.4,311.8,1401,53,208,1,Overstrain Failure
4817,L51996,L,303.4,312,1521,35.9,215,1,Tool Wear Failure
4832,L52011,L,303.5,312,1366,54.5,30,1,Heat Dissipation Failure
4834,L52013,L,303.4,311.9,1377,41.6,34,1,Heat Dissipation Failure
4837,L52016,L,303.3,311.8,1315,62,42,1,Heat Dissipation Failure
4841,L52020,L,303.4,311.9,1298,63.9,59,1,Heat Dissipation Failure
4845,M19704,M,303.4,311.8,1316,50.9,69,1,Heat Dissipation Failure
4852,L52031,L,303.7,312.1,1363,51.8,90,1,Heat Dissipation Failure
4921,L52100,L,303.4,312.2,1337,69.4,52,1,Power Failure
4937,L52116,L,303.5,312.4,1284,70.6,94,1,Power Failure
4977,L52156,L,303.7,312.7,1359,56.8,194,1,Overstrain Failure
4985,L52164,L,303.8,313.1,1256,58.7,213,1,Overstrain Failure
4989,L52168,L,303.8,313.1,2497,13,5,1,Power Failure
4998,M19857,M,303.6,312.8,2659,11.4,26,1,Power Failure
5049,H34462,H,304,313.2,1271,68.6,161,1,Power Failure
5062,L52241,L,304,312.9,1363,62.5,200,1,Overstrain Failure
5142,L52321,L,304.4,313.7,1509,35,205,1,Tool Wear Failure
5220,L52399,L,303.8,313,1365,59.9,205,1,Overstrain Failure
5310,M20169,M,303.9,313.2,1422,48,215,1,Tool Wear Failure
5335,M20194,M,303.4,312.6,2706,9.8,65,1,Power Failure
5395,M20254,M,302.8,312.3,1262,70.5,234,1,Power Failure
5400,H34813,H,302.8,312.4,1411,53.8,246,1,Overstrain Failure
5401,L52580,L,302.7,312.4,1477,46.3,251,1,Overstrain Failure
5402,M20261,M,302.6,312.3,1454,54.8,253,1,Tool Wear Failure
5472,L52651,L,302.7,312.3,1346,61.2,170,0,Random Failures
5489,L52668,L,302.7,312.2,1450,52.1,213,1,Overstrain Failure
5490,L52669,L,302.6,312.1,1499,35,215,0,Random Failures
5491,L52670,L,302.6,312.1,1288,68.5,0,1,Power Failure
5496,H34909,H,302.9,312.5,1357,55,12,0,Random Failures
5510,L52689,L,302.8,312.2,1509,36.5,52,0,Random Failures
5554,L52733,L,302.5,311.9,1306,59.7,172,0,Random Failures
5616,M20475,M,303,312.2,1257,71.3,122,1,Power Failure
5618,L52797,L,303.1,312.4,1404,61.5,127,1,Power Failure
5640,L52819,L,302.6,312.1,1668,28.7,180,0,Random Failures
5707,L52886,L,302.4,311.9,1290,70,139,1,Power Failure
5735,L52914,L,302.3,311.8,1369,56.2,208,1,Overstrain Failure
5910,H35323,H,300.7,310.2,1364,65.3,208,1,Power Failure
6000,M20859,M,300.4,310.2,1671,30.5,234,1,Tool Wear Failure
6025,L53204,L,300.7,310.9,1356,65.3,66,1,Power Failure
6079,L53258,L,300.8,310.7,1339,59.1,203,1,Overstrain Failure
6092,L53271,L,300.9,310.7,1412,57.5,16,0,Random Failures
6154,L53333,L,301,311.1,1236,64.4,177,1,Overstrain Failure
6160,L53339,L,301,311,1399,58,190,1,Overstrain Failure
6173,L53352,L,300.8,310.6,1577,37.9,227,1,Tool Wear Failure
6179,L53358,L,301.1,310.9,1282,67.9,10,1,Power Failure
6249,L53428,L,300.8,310.1,1405,61.2,189,1,Power Failure
6256,L53435,L,301,310.5,1379,57.3,204,1,Overstrain Failure
6257,L53436,L,301,310.6,1493,37.8,206,1,Tool Wear Failure
6341,H35754,H,300.5,309.9,1397,45.9,210,1,Tool Wear Failure
6420,H35833,H,300.3,309.9,1394,46.7,210,1,Tool Wear Failure
6498,L53677,L,300.8,309.9,1312,65.3,192,1,Overstrain Failure
6526,L53705,L,301.1,310.4,1312,73.6,49,1,Power Failure
6541,M21400,M,301.4,310.7,1368,63.7,92,1,Power Failure
6619,M21478,M,301.6,310.6,1309,65.8,75,1,Power Failure
6674,L53853,L,301.6,310.7,1380,51.8,216,1,Overstrain Failure
6679,M21538,M,301.5,310.7,1336,65.6,0,1,Power Failure
6760,L53939,L,301.7,311,1441,44.3,208,1,Tool Wear Failure
6800,M21659,M,301.1,310.7,2636,12.2,100,1,Power Failure
6914,L54093,L,300.8,311.2,1481,38.5,181,0,Random Failures
6925,L54104,L,301.2,311.6,1461,52.9,208,1,Overstrain Failure
6933,L54112,L,300.8,311.4,1322,67.2,18,1,Power Failure
6961,L54140,L,300.7,311,1413,52,91,0,Random Failures
6991,L54170,L,300.7,311.1,2478,13.4,170,1,Power Failure
7012,L54191,L,300.5,310.5,2633,12.2,17,1,Power Failure
7084,L54263,L,300.7,310.4,1416,61.8,209,1,Power Failure
7088,L54267,L,300.6,310.3,1648,30.5,217,1,Tool Wear Failure
7168,L54347,L,300.3,310.3,1362,60.3,206,1,Overstrain Failure
7281,L54460,L,299.9,310.2,1288,69.6,62,1,Power Failure
7427,M22286,M,300,311.4,1692,29,216,1,Tool Wear Failure
7489,L54668,L,300.3,311.7,1545,43.5,160,0,Random Failures
7510,L54689,L,300.6,311.9,1372,60.1,212,1,Overstrain Failure
7511,L54690,L,300.5,311.8,1524,38.9,214,1,Tool Wear Failure
7537,L54716,L,300.1,311.3,2579,12.5,64,1,Power Failure
7565,M22424,M,300.3,311.2,1381,65.2,136,1,Power Failure
7570,L54749,L,300.2,311,1255,71.8,149,1,Power Failure
7592,M22451,M,300.5,311.1,1296,61.3,202,1,Overstrain Failure
7594,L54773,L,300.5,311.2,1270,67.5,208,1,Overstrain Failure
7670,L54849,L,300.7,311.8,1336,58.4,189,1,Overstrain Failure
7688,M22547,M,300.7,311.7,2097,18.9,232,1,Tool Wear Failure
7757,L54936,L,300.5,311.8,1368,57.9,191,1,Overstrain Failure
7760,L54939,L,300.4,311.8,1272,59.2,198,1,Overstrain Failure
7764,L54943,L,300.4,311.6,1200,76.6,3,1,Power Failure
7850,M22709,M,300.3,311.7,1374,47.9,222,1,Tool Wear Failure
7869,H37282,H,300.4,311.9,1438,46.7,41,0,Random Failures
7885,L55064,L,300.8,312.4,1465,59.1,91,1,Power Failure
7927,L55106,L,300.7,311.9,1335,57.1,194,1,Overstrain Failure
7998,M22857,M,301,312.2,2710,9.7,143,1,Power Failure
8027,L55206,L,300.7,311.9,1399,50.2,222,1,Overstrain Failure
8112,M22971,M,300.4,311.8,1553,33.1,209,1,Tool Wear Failure
8193,L55372,L,299.6,310.9,1229,65.2,209,1,Overstrain Failure
8196,L55375,L,299.4,310.8,1376,53.9,215,1,Overstrain Failure
8200,L55379,L,299.2,310.7,1737,27,225,1,Tool Wear Failure
8246,M23105,M,299,310.3,1303,68.6,111,1,Power Failure
8308,M23167,M,298.7,310.1,1402,69.7,64,1,Power Failure
8358,L55537,L,298.5,309.5,1385,46.3,203,1,Tool Wear Failure
8399,L55578,L,298.5,309.7,2617,12.1,102,1,Power Failure
8438,L55617,L,298.7,309.8,1181,65.9,203,1,Overstrain Failure
8583,M23442,M,297.5,308.1,1334,72,151,1,Power Failure
8609,L55788,L,297.4,308.4,1369,50.6,220,1,Overstrain Failure
8610,L55789,L,297.4,308.3,1475,40.5,222,1,Tool Wear Failure
8691,L55870,L,297.1,308.5,1323,44.4,207,1,Tool Wear Failure
8847,M23706,M,297.4,308.8,1325,62.4,204,1,Tool Wear Failure
8927,M23786,M,297.3,308.3,1459,59.6,207,1,Power Failure
9015,M23874,M,297.2,308.1,1340,61.3,207,1,Overstrain Failure
9017,L56196,L,297.3,308.2,1396,52.7,212,1,Overstrain Failure
9019,L56198,L,297.3,308.1,1615,35.4,217,1,Tool Wear Failure
9085,L56264,L,297.2,307.9,1326,75.4,172,1,Power Failure
9175,L56354,L,297.8,308.9,1871,25.6,200,1,Tool Wear Failure
9176,L56355,L,297.8,309,1403,64.2,0,1,Power Failure
9415,L56594,L,298.1,308.6,1354,53.9,207,1,Overstrain Failure
9494,L56673,L,299.1,309.8,1398,55.4,217,1,Overstrain Failure
9577,L56756,L,299.6,310.7,1922,23.3,205,1,Tool Wear Failure
9588,M24447,M,299.3,310.5,1462,40.5,24,0,No Failure
9589,H39002,H,299.3,310.4,1510,45.5,27,0,No Failure
9590,L56769,L,299.2,310.4,1472,43.3,32,0,No Failure
9591,M24450,M,299.2,310.4,1325,52,34,0,No Failure
9592,L56771,L,299.2,310.4,1570,37.3,37,0,No Failure
9593,L56772,L,299.2,310.4,1379,46.8,39,0,No Failure
9594,L56773,L,299.1,310.2,1352,52.8,41,0,No Failure
9595,L56774,L,299.1,310.3,1727,28.7,43,0,No Failure
9596,H39009,H,299,310.1,1432,50,45,0,No Failure
9597,L56776,L,298.9,310.1,1466,43.4,50,0,No Failure
9598,L56777,L,298.9,310.1,1510,38,52,0,No Failure
9599,L56778,L,299,310.2,1490,41.1,54,0,No Failure
9600,L56779,L,299,310.1,1463,37.4,56,0,No Failure
9601,M24460,M,298.9,310,1561,45.3,58,0,No Failure
9602,L56781,L,298.9,310.1,2109,18,61,0,No Failure
9603,L56782,L,298.9,310.2,1705,32.5,63,0,No Failure
9604,M24463,M,298.9,310.1,1549,40.2,65,0,No Failure
9605,H39018,H,299,310.2,1637,38,68,0,No Failure
9606,M24465,M,298.9,310.1,1484,37.9,73,0,No Failure
9607,L56786,L,298.9,310.1,1401,44.4,76,0,No Failure
9608,L56787,L,298.9,310.1,1571,36.8,78,0,No Failure
9609,M24468,M,298.9,310.1,1513,41.5,80,0,No Failure
9610,L56789,L,299,310.1,1470,40.3,83,0,No Failure
9611,L56790,L,299,310.1,1505,41.3,85,0,No Failure
9612,L56791,L,299,310.2,1432,42.2,87,0,No Failure
9613,M24472,M,299,310.2,1625,31.8,89,0,No Failure
9614,L56793,L,299,310.2,1377,62.5,92,1,Power Failure
9615,M24474,M,299.1,310.3,1441,43.9,94,0,No Failure
9616,M24475,M,299,310.2,1564,39.9,97,0,No Failure
9617,L56796,L,298.9,310.1,1580,37.3,100,0,No Failure
9618,L56797,L,299,310.2,1516,35.3,102,0,No Failure
9619,L56798,L,299,310.1,1447,42.8,104,0,No Failure
9620,M24479,M,298.9,310,1323,52.9,106,0,No Failure
9621,L56800,L,298.9,310,1470,45.9,109,0,No Failure
9622,M24481,M,299,310,2049,19.5,111,0,No Failure
9623,L56802,L,298.9,310,1794,27.2,114,0,No Failure
9624,L56803,L,298.9,310.1,1356,47.8,116,0,No Failure
9625,H39038,H,299,310.1,1555,38.6,118,0,No Failure
9626,M24485,M,299,310.1,1487,47.5,123,0,No Failure
9627,M24486,M,299,310,1341,58.9,126,0,No Failure
9628,M24487,M,298.9,310,1487,36.6,129,0,No Failure
9629,H39042,H,299,310,1569,34.3,132,0,No Failure
9630,H39043,H,299,310.1,2053,19.7,137,0,No Failure
9631,L56810,L,299,310.1,1583,35.8,142,0,No Failure
9632,L56811,L,299,310,1672,33.2,144,0,No Failure
9633,M24492,M,299,310,1337,57.4,146,0,No Failure
9634,H39047,H,299.1,310.1,1421,41.2,149,0,No Failure
9635,L56814,L,299.1,310.2,1425,52.7,154,0,No Failure
9636,L56815,L,299.2,310.2,1609,33.2,156,0,No Failure
9637,L56816,L,299.2,310.3,1507,41.3,158,0,No Failure
9638,L56817,L,299.2,310.3,1463,38.9,160,0,No Failure
9639,H39052,H,299.3,310.4,1393,44.9,162,0,No Failure
9640,L56819,L,299.3,310.4,1725,26.8,167,0,No Failure
9641,L56820,L,299.4,310.5,1514,36.1,169,0,No Failure
9642,L56821,L,299.3,310.4,1365,53.9,171,0,No Failure
9643,L56822,L,299.4,310.5,1372,46.3,173,0,No Failure
9644,L56823,L,299.4,310.4,1509,40.6,175,0,No Failure
9645,L56824,L,299.3,310.4,1629,32.6,177,0,No Failure
9646,L56825,L,299.4,310.5,1749,28.1,179,0,No Failure
9647,L56826,L,299.4,310.4,1582,31.7,181,0,No Failure
9648,L56827,L,299.2,310.2,1458,47,183,0,No Failure
9649,L56828,L,299.1,310.1,1416,41.2,185,0,No Failure
9650,H39063,H,299.1,310,1657,33.1,187,0,No Failure
9651,M24510,M,299.1,310,1437,41.1,192,0,No Failure
9652,M24511,M,299.1,310,1580,36,195,0,No Failure
9653,M24512,M,299,310,1488,46.3,198,0,No Failure
9654,L56833,L,299,309.9,1373,55.7,201,1,Overstrain Failure
9655,L56834,L,299.1,310,1367,56.3,203,1,Overstrain Failure
9656,H39069,H,299.1,310,1431,49.5,205,0,No Failure
9657,L56836,L,299,310.1,1623,33,210,0,No Failure
9658,L56837,L,299,310,1484,39.6,212,0,No Failure
9659,L56838,L,299,309.9,1548,34.5,214,0,No Failure
9660,L56839,L,298.9,309.8,1287,61.9,216,1,Overstrain Failure
9661,M24520,M,298.9,309.8,1392,43.1,218,0,No Failure
9662,H39075,H,299,310,1458,44.9,221,0,No Failure
9663,M24522,M,299.1,310.1,1570,30.9,226,0,No Failure
9664,L56843,L,299.1,310.1,1435,48.8,229,1,Overstrain Failure
9665,L56844,L,299.1,310.2,1317,54.8,231,1,Overstrain Failure
9666,L56845,L,299.2,310.3,1610,33.3,233,0,No Failure
9667,M24526,M,299.1,310.3,1838,24,235,0,No Failure
9668,L56847,L,299.2,310.3,1352,48.9,238,1,Overstrain Failure
9669,L56848,L,299.1,310.3,1619,35.2,240,0,No Failure
9670,L56849,L,299.1,310.3,1619,31.1,242,0,No Failure
9671,L56850,L,299,310.2,1690,30.7,244,0,No Failure
9672,L56851,L,299,310.2,1412,44.1,246,0,No Failure
9673,H39086,H,299,310.2,1744,31.5,0,0,No Failure
9674,M24533,M,299,310.1,1593,35.4,5,0,No Failure
9675,L56854,L,299.1,310.2,1695,29.6,8,0,No Failure
9676,M24535,M,299,310.2,1298,57.2,10,0,No Failure
9677,L56856,L,299,310.1,1886,21.2,13,0,No Failure
9678,L56857,L,299,310.1,2033,19.3,15,0,No Failure
9679,M24538,M,299.1,310.2,1711,28.1,17,0,No Failure
9680,L56859,L,299.1,310.2,1598,33.4,20,0,No Failure
9681,L56860,L,299.1,310.1,1894,24.2,22,0,No Failure
9682,M24541,M,299.1,310.1,1412,44.4,24,0,No Failure
9683,L56862,L,299.1,310,1394,46.6,27,0,No Failure
9684,M24543,M,299,310,1338,56.4,29,0,No Failure
9685,H39098,H,298.9,309.9,1376,51,32,0,No Failure
9686,L56865,L,299,310,1360,48.1,37,0,No Failure
9687,L56866,L,299.1,310.1,1486,40.7,39,0,No Failure
9688,M24547,M,299.1,310.1,1649,31.6,41,0,No Failure
9689,L56868,L,299.1,310.1,1367,45.6,44,0,No Failure
9690,L56869,L,299,310.1,1362,59.5,46,0,No Failure
9691,M24550,M,298.9,310,1520,35.6,48,0,No Failure
9692,L56871,L,299,310,1582,31.9,51,0,No Failure
9693,M24552,M,299,310,1667,30,53,0,No Failure
9694,L56873,L,298.9,310,1693,28.8,56,0,No Failure
9695,L56874,L,298.9,310,1559,33.4,58,0,No Failure
9696,L56875,L,298.9,309.9,1592,32,60,0,No Failure
9697,L56876,L,298.9,309.9,1404,39.8,62,0,No Failure
9698,M24557,M,298.8,309.8,1413,45.5,64,0,No Failure
9699,L56878,L,298.8,309.8,1663,28.2,67,0,No Failure
9700,L56879,L,298.8,309.8,1508,36.3,69,0,No Failure
9701,M24560,M,298.9,309.8,1353,53.7,71,0,No Failure
9702,L56881,L,298.8,309.8,1485,42.4,74,0,No Failure
9703,L56882,L,298.9,310,1633,31.2,76,0,No Failure
9704,L56883,L,298.9,310,1422,43.6,78,0,No Failure
9705,L56884,L,298.9,310.1,1577,41.4,80,0,No Failure
9706,L56885,L,298.9,310,1482,41.1,82,0,No Failure
9707,M24566,M,299,310.1,1705,30.1,84,0,No Failure
9708,L56887,L,299,310.1,1699,32.9,87,0,No Failure
9709,L56888,L,299,310.1,1664,29.7,89,0,No Failure
9710,M24569,M,299,310,1486,34.6,91,0,No Failure
9711,L56890,L,299.1,310.1,1336,61.3,94,0,No Failure
9712,H39125,H,299.1,310.1,1429,42.9,96,0,No Failure
9713,M24572,M,299.1,310.2,1456,48.4,101,0,No Failure
9714,L56893,L,299.1,310.2,1496,45,104,0,No Failure
9715,L56894,L,299.1,310.1,1894,20.1,106,0,No Failure
9716,L56895,L,299.1,310.1,1373,55.6,108,0,No Failure
9717,H39130,H,299,310,1387,45.2,110,0,No Failure
9718,L56897,L,298.9,309.9,1500,44.2,115,0,No Failure
9719,L56898,L,298.9,309.9,1517,36.6,117,0,No Failure
9720,L56899,L,298.9,309.9,1309,56.2,119,0,No Failure
9721,M24580,M,298.9,309.9,1357,54.5,121,0,No Failure
9722,L56901,L,298.8,309.8,1490,40.6,124,0,No Failure
9723,H39136,H,298.8,309.8,1911,21.6,126,0,No Failure
9724,L56903,L,298.8,309.8,1599,33.6,131,0,No Failure
9725,M24584,M,298.8,309.7,2098,19,133,0,No Failure
9726,M24585,M,298.7,309.7,1629,27.9,136,0,No Failure
9727,L56906,L,298.8,309.8,1557,37.2,139,0,No Failure
9728,L56907,L,298.8,309.8,1461,39.4,141,0,No Failure
9729,L56908,L,298.8,309.8,1563,33.7,143,0,No Failure
9730,L56909,L,298.7,309.8,1695,29,145,0,No Failure
9731,L56910,L,298.8,310,1528,36.7,147,0,No Failure
9732,L56911,L,298.8,310,1389,49.6,149,0,No Failure
9733,L56912,L,298.9,310,2231,17.4,151,0,No Failure
9734,M24593,M,298.9,310.1,1442,42.9,153,0,No Failure
9735,H39148,H,298.9,310.1,1458,44.3,156,0,No Failure
9736,L56915,L,299,310.1,1444,47.7,161,0,No Failure
9737,M24596,M,298.9,310,1348,58.2,163,0,No Failure
9738,L56917,L,298.9,310,1791,27.6,166,0,No Failure
9739,L56918,L,299,310,1509,38,168,0,No Failure
9740,L56919,L,298.9,310,1515,42.9,170,0,No Failure
9741,M24600,M,298.9,310.1,1655,31.5,172,0,No Failure
9742,L56921,L,298.9,310.1,1495,42.9,175,0,No Failure
9743,L56922,L,298.9,310.2,1623,37.2,177,0,No Failure
9744,L56923,L,298.9,310.2,1562,42.5,179,0,No Failure
9745,L56924,L,298.8,310.1,1574,36.2,181,0,No Failure
9746,L56925,L,298.8,310,1611,32.4,183,0,No Failure
9747,L56926,L,298.8,310,1403,45.6,185,0,No Failure
9748,L56927,L,298.8,310.1,1481,47.4,187,0,No Failure
9749,M24608,M,298.9,310.1,1441,41.2,189,0,No Failure
9750,H39163,H,298.8,310.1,1483,45.4,192,0,No Failure
9751,L56930,L,298.7,310,1555,32.6,197,0,No Failure
9752,L56931,L,298.6,309.9,1615,28.8,199,0,No Failure
9753,L56932,L,298.6,309.8,1561,32.6,201,0,No Failure
9754,L56933,L,298.5,309.8,1593,35.1,203,0,No Failure
9755,M24614,M,298.5,309.7,1552,34,205,0,No Failure
9756,H39169,H,298.5,309.7,1561,35.3,208,0,No Failure
9757,L56936,L,298.6,309.8,1597,35.9,213,0,No Failure
9758,M24617,M,298.6,309.9,1517,34,215,0,No Failure
9759,L56938,L,298.6,309.8,2271,16.2,218,1,Tool Wear Failure
9760,L56939,L,298.5,309.7,1613,36.7,0,0,No Failure
9761,M24620,M,298.5,309.6,1509,47.3,2,0,No Failure
9762,L56941,L,298.6,309.7,1703,26.1,5,0,No Failure
9763,L56942,L,298.6,309.7,1925,22.1,7,0,No Failure
9764,M24623,M,298.6,309.6,1635,29.7,9,0,No Failure
9765,L56944,L,298.5,309.5,1294,66.7,12,1,Power Failure
9766,L56945,L,298.6,309.6,1472,39.1,14,0,No Failure
9767,H39180,H,298.6,309.6,1449,42.5,16,0,No Failure
9768,L56947,L,298.6,309.6,1563,35,21,0,No Failure
9769,L56948,L,298.6,309.6,1611,35.7,23,0,No Failure
9770,L56949,L,298.6,309.6,1386,48.6,25,0,No Failure
9771,H39184,H,298.6,309.5,1584,31.8,27,0,No Failure
9772,M24631,M,298.7,309.6,1424,50.4,32,0,No Failure
9773,L56952,L,298.5,309.5,1561,34.8,35,0,No Failure
9774,L56953,L,298.5,309.4,1560,37.9,37,0,No Failure
9775,H39188,H,298.6,309.5,1375,41,39,0,No Failure
9776,M24635,M,298.6,309.5,1684,27.8,44,0,No Failure
9777,M24636,M,298.6,309.6,1397,54.1,47,0,No Failure
9778,L56957,L,298.6,309.6,1387,57.6,50,0,No Failure
9779,H39192,H,298.7,309.7,1311,54.5,52,0,No Failure
9780,L56959,L,298.8,309.8,1509,36.2,57,0,No Failure
9781,M24640,M,298.8,309.8,1477,46.7,59,0,No Failure
9782,L56961,L,298.8,309.9,1441,41.6,62,0,No Failure
9783,L56962,L,298.7,309.9,1404,47.1,64,0,No Failure
9784,H39197,H,298.8,309.9,1466,44.6,66,0,No Failure
9785,M24644,M,298.7,309.8,1435,48.8,71,0,No Failure
9786,H39199,H,298.7,309.7,1697,29.8,74,0,No Failure
9787,M24646,M,298.7,309.6,1738,27.3,79,0,No Failure
9788,H39201,H,298.6,309.5,1420,50.4,82,0,No Failure
9789,M24648,M,298.5,309.5,1535,39.8,87,0,No Failure
9790,L56969,L,298.6,309.6,1715,28.4,90,0,No Failure
9791,L56970,L,298.6,309.5,1483,43.2,92,0,No Failure
9792,M24651,M,298.5,309.4,1521,37.5,94,0,No Failure
9793,H39206,H,298.5,309.4,1573,36,97,0,No Failure
9794,H39207,H,298.5,309.4,1414,46.7,102,0,No Failure
9795,L56974,L,298.5,309.3,1590,33.9,107,0,No Failure
9796,L56975,L,298.5,309.3,1623,33.1,109,0,No Failure
9797,H39210,H,298.4,309.3,1694,30.9,111,0,No Failure
9798,M24657,M,298.4,309.2,1597,33.5,116,0,No Failure
9799,L56978,L,298.5,309.3,1471,44.7,119,0,No Failure
9800,M24659,M,298.5,309.3,1551,34.7,121,0,No Failure
9801,H39214,H,298.5,309.3,1421,50.3,124,0,No Failure
9802,M24661,M,298.4,309.3,1496,45.6,129,0,No Failure
9803,H39216,H,298.4,309.3,1984,19.2,132,0,No Failure
9804,L56983,L,298.4,309.2,1692,29.8,137,0,No Failure
9805,L56984,L,298.4,309.1,1467,42.5,139,0,No Failure
9806,L56985,L,298.4,309.2,1651,28.5,141,0,No Failure
9807,L56986,L,298.3,309.1,1417,60.5,143,0,No Failure
9808,L56987,L,298.2,309,1413,55,145,0,No Failure
9809,M24668,M,298.2,309,1441,44.2,147,0,No Failure
9810,M24669,M,298.2,309,1353,50.3,150,0,No Failure
9811,L56990,L,298.1,309,1502,40.9,153,0,No Failure
9812,L56991,L,298.2,309,1610,31.7,155,0,No Failure
9813,M24672,M,298.2,309.1,1411,45.8,157,0,No Failure
9814,L56993,L,298.3,309.1,1387,52.3,160,0,No Failure
9815,H39228,H,298.3,309.1,1430,40.9,162,0,No Failure
9816,M24675,M,298.4,309.1,1576,38.8,167,0,No Failure
9817,M24676,M,298.5,309.2,1721,29.4,170,0,No Failure
9818,M24677,M,298.5,309.3,1465,42.4,173,0,No Failure
9819,M24678,M,298.6,309.4,1407,45.1,176,0,No Failure
9820,M24679,M,298.6,309.4,1464,36.9,179,0,No Failure
9821,M24680,M,298.6,309.5,1568,36.7,182,0,No Failure
9822,L57001,L,298.6,309.4,1667,35.6,185,0,No Failure
9823,L57002,L,298.5,309.4,1360,60.9,187,1,Overstrain Failure
9824,M24683,M,298.5,309.3,1488,43.7,189,0,No Failure
9825,L57004,L,298.4,309.3,1504,39.3,192,0,No Failure
9826,L57005,L,298.4,309.2,1610,32.4,194,0,No Failure
9827,L57006,L,298.4,309.2,1345,52.7,196,0,No Failure
9828,M24687,M,298.3,309.3,1376,57,198,0,No Failure
9829,L57008,L,298.4,309.4,1385,50,201,0,No Failure
9830,M24689,M,298.4,309.4,1429,41.8,203,0,No Failure
9831,L57010,L,298.3,309.3,1337,56.1,206,1,Overstrain Failure
9832,L57011,L,298.4,309.3,1542,35.4,208,0,No Failure
9833,L57012,L,298.4,309.2,2118,17.7,210,0,No Failure
9834,L57013,L,298.3,309.1,1386,45.3,212,0,No Failure
9835,M24694,M,298.3,309.1,1632,32.7,0,0,No Failure
9836,L57015,L,298.4,309.3,1545,36.9,3,0,No Failure
9837,M24696,M,298.4,309.3,1390,53.6,5,0,No Failure
9838,M24697,M,298.4,309.3,1355,50.6,8,0,No Failure
9839,L57018,L,298.4,309.2,1425,45.5,11,0,No Failure
9840,M24699,M,298.4,309.2,1491,51.2,13,0,No Failure
9841,H39254,H,298.3,309.2,1486,42.4,16,0,No Failure
9842,M24701,M,298.3,309.2,1359,51.4,21,0,No Failure
9843,L57022,L,298.4,309.3,1395,47.6,24,0,No Failure
9844,L57023,L,298.3,309.2,1383,52.1,26,0,No Failure
9845,H39258,H,298.3,309.1,1484,37,28,0,No Failure
9846,L57025,L,298.3,309.1,1421,47.4,33,0,No Failure
9847,L57026,L,298.3,309,1339,58.8,35,0,No Failure
9848,L57027,L,298.4,309.1,1362,46.1,37,0,No Failure
9849,H39262,H,298.5,309.2,1568,40.6,39,0,No Failure
9850,L57029,L,298.6,309.4,2312,15.5,44,0,No Failure
9851,M24710,M,298.5,309.3,1498,34.6,46,0,No Failure
9852,M24711,M,298.5,309.3,1761,27.2,49,0,No Failure
9853,L57032,L,298.6,309.4,1316,51.4,52,0,No Failure
9854,L57033,L,298.6,309.4,1525,37.8,54,0,No Failure
9855,H39268,H,298.6,309.4,1362,45.3,56,0,No Failure
9856,L57035,L,298.7,309.6,1516,38.5,61,0,No Failure
9857,L57036,L,298.6,309.5,1450,44.2,63,0,No Failure
9858,M24717,M,298.6,309.5,1366,55,65,0,No Failure
9859,L57038,L,298.5,309.5,1547,33.1,68,0,No Failure
9860,M24719,M,298.6,309.5,1580,33.9,70,0,No Failure
9861,H39274,H,298.7,309.6,1755,26.9,73,0,No Failure
9862,M24721,M,298.7,309.6,1800,24.8,78,0,No Failure
9863,M24722,M,298.8,309.7,1439,45.8,81,0,No Failure
9864,L57043,L,298.9,309.8,1411,56.3,84,0,No Failure
9865,M24724,M,298.9,309.9,1645,31.4,86,0,No Failure
9866,M24725,M,298.9,309.8,2450,13.9,89,0,No Failure
9867,L57046,L,299,309.9,1630,34,92,0,No Failure
9868,L57047,L,299,309.9,1411,44.7,94,0,No Failure
9869,L57048,L,298.9,309.9,1526,35.4,96,0,No Failure
9870,L57049,L,298.9,309.9,1590,31.3,98,0,No Failure
9871,H39284,H,299,309.9,1884,25.6,100,0,No Failure
9872,M24731,M,298.9,309.8,1947,21.7,105,0,No Failure
9873,L57052,L,298.9,309.9,1373,52.1,108,0,No Failure
9874,L57053,L,298.9,309.8,1616,36.5,110,0,No Failure
9875,M24734,M,298.9,309.9,1449,44.1,112,0,No Failure
9876,M24735,M,298.9,309.8,1363,50.6,115,0,No Failure
9877,H39290,H,298.8,309.7,1461,55.1,118,0,No Failure
9878,L57057,L,298.8,309.7,1374,58.6,123,0,No Failure
9879,L57058,L,298.7,309.7,1293,59.1,125,0,No Failure
9880,M24739,M,298.8,309.8,1490,38.6,127,0,No Failure
9881,L57060,L,298.8,309.8,1753,27.5,130,0,No Failure
9882,L57061,L,298.8,309.8,1493,38.5,132,0,No Failure
9883,L57062,L,298.8,309.8,1895,22,134,0,No Failure
9884,H39297,H,298.7,309.6,1654,34.3,136,0,No Failure
9885,L57064,L,298.7,309.5,1673,30.8,141,0,No Failure
9886,L57065,L,298.8,309.6,1613,27.7,143,0,No Failure
9887,L57066,L,298.8,309.6,1903,22.3,145,0,No Failure
9888,L57067,L,298.8,309.5,1368,44.7,147,0,No Failure
9889,M24748,M,298.8,309.6,1575,34.4,149,0,No Failure
9890,H39303,H,298.8,309.6,1516,40.2,152,0,No Failure
9891,L57070,L,298.8,309.5,1645,32.8,157,0,No Failure
9892,L57071,L,298.8,309.5,1374,48.1,159,0,No Failure
9893,H39306,H,298.9,309.7,1407,48.6,161,0,No Failure
9894,M24753,M,298.9,309.6,1284,55.3,166,0,No Failure
9895,L57074,L,298.9,309.5,1645,31.1,169,0,No Failure
9896,L57075,L,298.8,309.4,1387,54.1,171,0,No Failure
9897,M24756,M,298.8,309.3,1618,35.1,173,0,No Failure
9898,L57077,L,298.8,309.3,1357,47.1,176,0,No Failure
9899,L57078,L,298.7,309.2,1396,44.8,178,0,No Failure
9900,L57079,L,298.7,309.2,1586,31.4,180,0,No Failure
9901,H39314,H,298.7,309.2,1449,42.3,182,0,No Failure
9902,M24761,M,298.7,309.2,1423,48.9,187,0,No Failure
9903,H39316,H,298.7,309.3,1402,45.3,190,0,No Failure
9904,M24763,M,298.7,309.2,1437,45.7,195,0,No Failure
9905,L57084,L,298.6,309.1,1537,35.7,198,0,No Failure
9906,M24765,M,298.7,309.1,1423,49.5,200,0,No Failure
9907,M24766,M,298.6,309.1,1587,37.3,203,0,No Failure
9908,M24767,M,298.6,309.1,1487,43.2,206,0,No Failure
9909,L57088,L,298.6,309,1456,47.7,0,0,No Failure
9910,L57089,L,298.7,309.1,1607,32.7,2,0,No Failure
9911,L57090,L,298.6,309,1469,46,4,0,No Failure
9912,M24771,M,298.6,309,1481,40.8,6,0,No Failure
9913,L57092,L,298.6,308.9,1327,58.8,9,0,No Failure
9914,L57093,L,298.5,308.8,1589,30.6,11,0,No Failure
9915,L57094,L,298.5,308.8,1670,29.6,13,0,No Failure
9916,M24775,M,298.5,308.7,1662,28.3,15,0,No Failure
9917,M24776,M,298.5,308.8,1553,34.9,18,0,No Failure
9918,M24777,M,298.5,308.8,1557,36,21,0,No Failure
9919,L57098,L,298.4,308.8,1352,56.7,24,0,No Failure
9920,L57099,L,298.5,308.8,1305,58.7,26,0,No Failure
9921,H39334,H,298.5,308.7,1450,43.9,28,0,No Failure
9922,M24781,M,298.5,308.7,1347,48.5,33,0,No Failure
9923,H39336,H,298.6,308.8,1566,39.1,36,0,No Failure
9924,M24783,M,298.5,308.7,1615,33.3,41,0,No Failure
9925,M24784,M,298.5,308.6,1384,54.4,44,0,No Failure
9926,M24785,M,298.5,308.7,1367,47.3,47,0,No Failure
9927,M24786,M,298.5,308.6,1897,20.2,50,0,No Failure
9928,L57107,L,298.5,308.6,1522,36.9,53,0,No Failure
9929,M24788,M,298.4,308.5,1576,27.4,55,0,No Failure
9930,H39343,H,298.4,308.4,1479,39.2,58,0,No Failure
9931,L57110,L,298.3,308.3,1452,45.5,63,0,No Failure
9932,L57111,L,298.3,308.3,1432,46.9,65,0,No Failure
9933,L57112,L,298.3,308.2,1663,28.4,67,0,No Failure
9934,L57113,L,298.3,308.3,1597,32.4,69,0,No Failure
9935,L57114,L,298.3,308.2,1472,44.3,71,0,No Failure
9936,L57115,L,298.4,308.3,1452,48.5,73,0,No Failure
9937,H39350,H,298.3,308.2,1534,33.2,75,0,No Failure
9938,L57117,L,298.3,308.1,1505,46.1,80,0,No Failure
9939,L57118,L,298.3,308.1,1528,33.9,82,0,No Failure
9940,H39353,H,298.3,308.1,2636,12.8,84,0,No Failure
9941,M24800,M,298.3,308.1,1722,28.6,89,0,No Failure
9942,L57121,L,298.4,308.1,1395,44,92,0,No Failure
9943,L57122,L,298.4,308.1,1375,50.8,94,0,No Failure
9944,M24803,M,298.3,308,1766,26,96,0,No Failure
9945,L57124,L,298.3,307.9,1399,47.8,99,0,No Failure
9946,L57125,L,298.3,308,1578,37.8,101,0,No Failure
9947,L57126,L,298.3,307.9,1502,42,103,0,No Failure
9948,M24807,M,298.2,307.9,1529,36.6,105,0,No Failure
9949,L57128,L,298.2,307.8,1804,25.1,108,0,No Failure
9950,M24809,M,298.2,307.8,1411,53.4,110,0,No Failure
9951,L57130,L,298.1,307.8,1413,54.1,113,0,No Failure
9952,L57131,L,298.2,307.8,1355,59.4,115,0,No Failure
9953,L57132,L,298.2,307.8,1429,46.9,117,0,No Failure
9954,L57133,L,298.1,307.8,1565,35.3,119,0,No Failure
9955,M24814,M,298.1,307.9,1446,42.8,121,0,No Failure
9956,M24815,M,298.2,307.9,1462,38.8,124,0,No Failure
9957,M24816,M,298.2,307.8,1578,34.5,127,0,No Failure
9958,L57137,L,298.1,307.8,1606,33,130,0,No Failure
9959,M24818,M,298.1,307.8,1525,35.9,132,0,No Failure
9960,L57139,L,298.1,307.8,1379,49.1,135,0,No Failure
9961,L57140,L,298.2,307.8,1575,35,137,0,No Failure
9962,L57141,L,298.2,307.9,1399,54.9,139,0,No Failure
9963,L57142,L,298.2,307.9,1429,49.4,141,0,No Failure
9964,L57143,L,298.3,307.9,1435,39.9,143,0,No Failure
9965,L57144,L,298.3,307.9,1766,26.5,145,0,No Failure
9966,L57145,L,298.3,307.9,1703,28.9,147,0,No Failure
9967,L57146,L,298.3,307.9,1507,41.2,149,0,No Failure
9968,M24827,M,298.3,307.9,1609,32.4,151,0,No Failure
9969,L57148,L,298.4,308,1605,32.4,154,0,No Failure
9970,L57149,L,298.4,308.1,1491,50,156,0,No Failure
9971,H39384,H,298.4,308.1,1891,24.7,158,0,No Failure
9972,H39385,H,298.5,308.2,1563,44.6,163,0,No Failure
9973,L57152,L,298.6,308.2,1390,51.4,168,0,No Failure
9974,L57153,L,298.5,308.2,1444,40.5,170,0,No Failure
9975,L57154,L,298.6,308.2,1361,68.2,172,1,Power Failure
9976,M24835,M,298.6,308.3,1589,34.1,174,0,No Failure
9977,L57156,L,298.6,308.2,1705,26.3,177,0,No Failure
9978,L57157,L,298.6,308.3,1422,40.4,179,0,No Failure
9979,H39392,H,298.6,308.3,1377,52.1,181,0,No Failure
9980,L57159,L,298.5,308.3,1334,49.8,186,0,No Failure
9981,L57160,L,298.6,308.4,1559,36.6,188,0,No Failure
9982,L57161,L,298.7,308.5,1353,47,190,0,No Failure
9983,M24842,M,298.7,308.4,1507,45.7,192,0,No Failure
9984,L57163,L,298.7,308.4,1694,28.7,195,0,No Failure
9985,H39398,H,298.7,308.4,1432,42.8,197,0,No Failure
9986,H39399,H,298.7,308.5,1572,35.6,202,0,No Failure
9987,M24846,M,298.8,308.6,1507,42.3,207,0,No Failure
9988,M24847,M,298.8,308.6,1500,37.1,210,0,No Failure
9989,L57168,L,298.9,308.6,1771,24.1,213,0,No Failure
9990,M24849,M,298.8,308.5,1577,33.2,0,0,No Failure
9991,L57170,L,298.8,308.5,1527,36.2,3,0,No Failure
9992,M24851,M,298.9,308.4,1827,26.1,5,0,No Failure
9993,L57172,L,298.8,308.4,1484,39.2,8,0,No Failure
9994,L57173,L,298.8,308.4,1401,47.3,10,0,No Failure
9995,L57174,L,298.8,308.3,1634,27.9,12,0,No Failure
9996,M24855,M,298.8,308.4,1604,29.5,14,0,No Failure
9997,H39410,H,298.9,308.4,1632,31.8,17,0,No Failure
9998,M24857,M,299,308.6,1645,33.4,22,0,No Failure
9999,H39412,H,299,308.7,1408,48.5,25,0,No Failure
10000,M24859,M,299,308.7,1500,40.2,30,0,No Failure
